strategy,turns,index,square,type,mean_percentage,stdev_percentage,min_percentage,max_percentage
A,100,0,GO,GO,3.200000,1.475730,1.000000,5.000000
A,100,1,Mediterranean Avenue,Property,2.100000,1.197219,0.000000,4.000000
A,100,2,Community Chest 1,Community Chest,1.300000,1.159502,0.000000,4.000000
A,100,3,Baltic Avenue,Property,1.200000,1.135292,0.000000,3.000000
A,100,4,Income Tax,Tax,2.700000,2.002776,0.000000,6.000000
A,100,5,Reading Railroad,Railroad,2.300000,1.059350,0.000000,4.000000
A,100,6,Oriental Avenue,Property,2.100000,1.523884,0.000000,5.000000
A,100,7,Chance 1,Chance,1.000000,0.816497,0.000000,2.000000
A,100,8,Vermont Avenue,Property,3.400000,1.646545,0.000000,6.000000
A,100,9,Connecticut Avenue,Property,2.500000,1.581139,0.000000,5.000000
A,100,10,Jail / Just Visiting,Jail,6.900000,2.282786,4.000000,10.000000
A,100,11,St. Charles Place,Property,3.200000,1.398412,1.000000,6.000000
A,100,12,Electric Company,Utility,2.700000,1.828782,0.000000,6.000000
A,100,13,States Avenue,Property,2.200000,1.398412,0.000000,4.000000
A,100,14,Virginia Avenue,Property,1.800000,1.686548,0.000000,5.000000
A,100,15,Pennsylvania Railroad,Railroad,4.100000,1.286684,2.000000,6.000000
A,100,16,St. James Place,Property,3.400000,1.429841,0.000000,5.000000
A,100,17,Community Chest 2,Community Chest,2.400000,1.264911,0.000000,4.000000
A,100,18,Tennessee Avenue,Property,4.200000,1.398412,3.000000,7.000000
A,100,19,New York Avenue,Property,2.900000,2.884826,0.000000,10.000000
A,100,20,Free Parking,Free Parking,2.500000,1.509231,0.000000,5.000000
A,100,21,Kentucky Avenue,Property,2.600000,1.955050,0.000000,7.000000
A,100,22,Chance 2,Chance,1.600000,0.843274,0.000000,3.000000
A,100,23,Indiana Avenue,Property,3.000000,1.563472,1.000000,6.000000
A,100,24,Illinois Avenue,Property,2.400000,1.646545,1.000000,5.000000
A,100,25,B. & O. Railroad,Railroad,2.400000,1.429841,1.000000,5.000000
A,100,26,Atlantic Avenue,Property,2.900000,1.100505,1.000000,5.000000
A,100,27,Ventnor Avenue,Property,3.000000,1.154701,1.000000,5.000000
A,100,28,Water Works,Utility,2.000000,1.247219,0.000000,4.000000
A,100,29,Marvin Gardens,Property,2.600000,1.074968,1.000000,4.000000
A,100,30,Go to Jail,Go to Jail,0.000000,0.000000,0.000000,0.000000
A,100,31,Pacific Avenue,Property,2.100000,1.370320,0.000000,4.000000
A,100,32,North Carolina Avenue,Property,2.700000,0.674949,2.000000,4.000000
A,100,33,Community Chest 3,Community Chest,2.800000,1.032796,2.000000,5.000000
A,100,34,Pennsylvania Avenue,Property,2.200000,1.135292,0.000000,4.000000
A,100,35,Short Line,Railroad,2.800000,1.549193,1.000000,5.000000
A,100,36,Chance 3,Chance,0.600000,0.699206,0.000000,2.000000
A,100,37,Park Place,Property,1.700000,1.251666,0.000000,4.000000
A,100,38,Luxury Tax,Tax,2.000000,1.154701,0.000000,4.000000
A,100,39,Boardwalk,Property,2.500000,1.433721,0.000000,4.000000
A,1000,0,GO,GO,3.040000,0.568038,2.400000,3.900000
A,1000,1,Mediterranean Avenue,Property,2.210000,0.246982,1.800000,2.600000
A,1000,2,Community Chest 1,Community Chest,1.860000,0.320416,1.400000,2.400000
A,1000,3,Baltic Avenue,Property,2.250000,0.474342,1.500000,2.800000
A,1000,4,Income Tax,Tax,2.070000,0.485455,1.300000,3.000000
A,1000,5,Reading Railroad,Railroad,2.760000,0.408792,2.300000,3.400000
A,1000,6,Oriental Avenue,Property,2.470000,0.537587,1.400000,3.300000
A,1000,7,Chance 1,Chance,0.990000,0.213177,0.600000,1.200000
A,1000,8,Vermont Avenue,Property,2.340000,0.231900,2.000000,2.700000
A,1000,9,Connecticut Avenue,Property,2.390000,0.372529,1.900000,3.100000
A,1000,10,Jail / Just Visiting,Jail,7.080000,0.413118,6.500000,7.800000
A,1000,11,St. Charles Place,Property,2.490000,0.401248,1.900000,3.200000
A,1000,12,Electric Company,Utility,2.600000,0.434613,1.900000,3.300000
A,1000,13,States Avenue,Property,2.230000,0.408384,1.700000,3.100000
A,1000,14,Virginia Avenue,Property,2.410000,0.718718,1.600000,3.700000
A,1000,15,Pennsylvania Railroad,Railroad,2.940000,0.494862,2.400000,3.900000
A,1000,16,St. James Place,Property,2.980000,0.555378,2.000000,3.700000
A,1000,17,Community Chest 2,Community Chest,2.710000,0.538413,1.700000,3.600000
A,1000,18,Tennessee Avenue,Property,2.820000,0.434102,2.000000,3.200000
A,1000,19,New York Avenue,Property,3.190000,0.490918,2.500000,3.900000
A,1000,20,Free Parking,Free Parking,2.870000,0.386005,2.100000,3.400000
A,1000,21,Kentucky Avenue,Property,2.930000,0.444847,2.300000,3.900000
A,1000,22,Chance 2,Chance,1.020000,0.293636,0.500000,1.300000
A,1000,23,Indiana Avenue,Property,2.700000,0.674949,1.700000,3.900000
A,1000,24,Illinois Avenue,Property,3.190000,0.587745,2.000000,4.300000
A,1000,25,B. & O. Railroad,Railroad,2.900000,0.391578,2.100000,3.400000
A,1000,26,Atlantic Avenue,Property,2.960000,0.585377,2.200000,4.000000
A,1000,27,Ventnor Avenue,Property,2.490000,0.420185,1.700000,3.100000
A,1000,28,Water Works,Utility,3.030000,0.787471,1.500000,4.100000
A,1000,29,Marvin Gardens,Property,2.280000,0.532917,1.700000,3.000000
A,1000,30,Go to Jail,Go to Jail,0.000000,0.000000,0.000000,0.000000
A,1000,31,Pacific Avenue,Property,2.550000,0.422295,1.600000,3.200000
A,1000,32,North Carolina Avenue,Property,2.570000,0.527152,1.800000,3.200000
A,1000,33,Community Chest 3,Community Chest,2.490000,0.406749,1.800000,3.000000
A,1000,34,Pennsylvania Avenue,Property,2.350000,0.241523,2.100000,2.900000
A,1000,35,Short Line,Railroad,2.360000,0.271621,2.000000,2.800000
A,1000,36,Chance 3,Chance,0.760000,0.117379,0.600000,1.000000
A,1000,37,Park Place,Property,2.140000,0.447710,1.600000,2.900000
A,1000,38,Luxury Tax,Tax,2.280000,0.325918,1.600000,2.700000
A,1000,39,Boardwalk,Property,2.300000,0.374166,1.700000,2.800000
A,10000,0,GO,GO,3.067000,0.101877,2.910000,3.220000
A,10000,1,Mediterranean Avenue,Property,2.039000,0.159892,1.740000,2.300000
A,10000,2,Community Chest 1,Community Chest,1.969000,0.151910,1.710000,2.210000
A,10000,3,Baltic Avenue,Property,2.139000,0.111997,1.970000,2.340000
A,10000,4,Income Tax,Tax,2.256000,0.060955,2.150000,2.330000
A,10000,5,Reading Railroad,Railroad,2.915000,0.157074,2.680000,3.110000
A,10000,6,Oriental Avenue,Property,2.260000,0.058878,2.180000,2.360000
A,10000,7,Chance 1,Chance,0.896000,0.091311,0.680000,1.010000
A,10000,8,Vermont Avenue,Property,2.314000,0.176459,2.030000,2.590000
A,10000,9,Connecticut Avenue,Property,2.318000,0.109016,2.180000,2.460000
A,10000,10,Jail / Just Visiting,Jail,6.833000,0.252501,6.390000,7.170000
A,10000,11,St. Charles Place,Property,2.739000,0.129825,2.590000,2.940000
A,10000,12,Electric Company,Utility,2.577000,0.147275,2.370000,2.810000
A,10000,13,States Avenue,Property,2.360000,0.148773,2.100000,2.680000
A,10000,14,Virginia Avenue,Property,2.418000,0.160402,2.140000,2.620000
A,10000,15,Pennsylvania Railroad,Railroad,2.916000,0.198506,2.690000,3.320000
A,10000,16,St. James Place,Property,2.792000,0.194867,2.550000,3.180000
A,10000,17,Community Chest 2,Community Chest,2.715000,0.132351,2.530000,2.910000
A,10000,18,Tennessee Avenue,Property,2.900000,0.119815,2.750000,3.180000
A,10000,19,New York Avenue,Property,3.203000,0.160281,2.890000,3.420000
A,10000,20,Free Parking,Free Parking,2.866000,0.113940,2.670000,3.010000
A,10000,21,Kentucky Avenue,Property,2.890000,0.107290,2.730000,3.040000
A,10000,22,Chance 2,Chance,1.090000,0.064118,0.970000,1.200000
A,10000,23,Indiana Avenue,Property,2.600000,0.179629,2.210000,2.870000
A,10000,24,Illinois Avenue,Property,3.244000,0.130826,2.960000,3.400000
A,10000,25,B. & O. Railroad,Railroad,2.984000,0.167677,2.740000,3.210000
A,10000,26,Atlantic Avenue,Property,2.639000,0.212522,2.260000,2.880000
A,10000,27,Ventnor Avenue,Property,2.532000,0.104329,2.400000,2.740000
A,10000,28,Water Works,Utility,2.888000,0.160264,2.610000,3.120000
A,10000,29,Marvin Gardens,Property,2.545000,0.097781,2.430000,2.740000
A,10000,30,Go to Jail,Go to Jail,0.000000,0.000000,0.000000,0.000000
A,10000,31,Pacific Avenue,Property,2.570000,0.154344,2.270000,2.780000
A,10000,32,North Carolina Avenue,Property,2.689000,0.165156,2.390000,2.890000
A,10000,33,Community Chest 3,Community Chest,2.295000,0.121587,2.080000,2.440000
A,10000,34,Pennsylvania Avenue,Property,2.487000,0.153988,2.230000,2.670000
A,10000,35,Short Line,Railroad,2.385000,0.132853,2.260000,2.660000
A,10000,36,Chance 3,Chance,0.801000,0.069354,0.700000,0.900000
A,10000,37,Park Place,Property,2.125000,0.131085,1.930000,2.370000
A,10000,38,Luxury Tax,Tax,2.259000,0.173426,2.010000,2.560000
A,10000,39,Boardwalk,Property,2.485000,0.112867,2.320000,2.690000
A,100000,0,GO,GO,3.108200,0.036374,3.050000,3.161000
A,100000,1,Mediterranean Avenue,Property,2.042100,0.034148,2.002000,2.102000
A,100000,2,Community Chest 1,Community Chest,1.872000,0.033109,1.807000,1.915000
A,100000,3,Baltic Avenue,Property,2.097800,0.051413,1.998000,2.166000
A,100000,4,Income Tax,Tax,2.314400,0.039311,2.236000,2.372000
A,100000,5,Reading Railroad,Railroad,2.930900,0.036892,2.880000,2.997000
A,100000,6,Oriental Avenue,Property,2.227900,0.046936,2.171000,2.319000
A,100000,7,Chance 1,Chance,0.812300,0.023547,0.771000,0.838000
A,100000,8,Vermont Avenue,Property,2.327000,0.042426,2.267000,2.390000
A,100000,9,Connecticut Avenue,Property,2.315300,0.040678,2.256000,2.380000
A,100000,10,Jail / Just Visiting,Jail,6.877800,0.069877,6.722000,6.945000
A,100000,11,St. Charles Place,Property,2.709800,0.049495,2.621000,2.806000
A,100000,12,Electric Company,Utility,2.573000,0.040423,2.522000,2.639000
A,100000,13,States Avenue,Property,2.370900,0.021850,2.335000,2.406000
A,100000,14,Virginia Avenue,Property,2.443400,0.036561,2.395000,2.503000
A,100000,15,Pennsylvania Railroad,Railroad,2.939500,0.069329,2.869000,3.094000
A,100000,16,St. James Place,Property,2.818200,0.068632,2.725000,2.931000
A,100000,17,Community Chest 2,Community Chest,2.665900,0.042091,2.590000,2.752000
A,100000,18,Tennessee Avenue,Property,2.985300,0.037328,2.943000,3.032000
A,100000,19,New York Avenue,Property,3.200600,0.054349,3.110000,3.293000
A,100000,20,Free Parking,Free Parking,2.910200,0.041354,2.821000,2.963000
A,100000,21,Kentucky Avenue,Property,2.818700,0.048229,2.725000,2.863000
A,100000,22,Chance 2,Chance,1.026900,0.020556,1.002000,1.066000
A,100000,23,Indiana Avenue,Property,2.689400,0.051223,2.613000,2.787000
A,100000,24,Illinois Avenue,Property,3.215800,0.032027,3.181000,3.287000
A,100000,25,B. & O. Railroad,Railroad,2.996700,0.037172,2.937000,3.052000
A,100000,26,Atlantic Avenue,Property,2.713700,0.059185,2.645000,2.832000
A,100000,27,Ventnor Avenue,Property,2.579500,0.048454,2.501000,2.671000
A,100000,28,Water Works,Utility,2.783900,0.050194,2.706000,2.870000
A,100000,29,Marvin Gardens,Property,2.515300,0.056384,2.421000,2.582000
A,100000,30,Go to Jail,Go to Jail,0.000000,0.000000,0.000000,0.000000
A,100000,31,Pacific Avenue,Property,2.605000,0.023147,2.561000,2.638000
A,100000,32,North Carolina Avenue,Property,2.679600,0.046724,2.585000,2.734000
A,100000,33,Community Chest 3,Community Chest,2.316300,0.031496,2.285000,2.393000
A,100000,34,Pennsylvania Avenue,Property,2.507900,0.046820,2.428000,2.563000
A,100000,35,Short Line,Railroad,2.357800,0.044329,2.300000,2.423000
A,100000,36,Chance 3,Chance,0.856800,0.020682,0.836000,0.908000
A,100000,37,Park Place,Property,2.058400,0.024409,2.012000,2.096000
A,100000,38,Luxury Tax,Tax,2.206600,0.039294,2.152000,2.254000
A,100000,39,Boardwalk,Property,2.529200,0.048055,2.423000,2.592000
B,100,0,GO,GO,3.400000,1.577621,1.000000,5.000000
B,100,1,Mediterranean Avenue,Property,1.800000,1.549193,0.000000,5.000000
B,100,2,Community Chest 1,Community Chest,2.100000,1.791957,0.000000,5.000000
B,100,3,Baltic Avenue,Property,2.200000,1.032796,1.000000,4.000000
B,100,4,Income Tax,Tax,1.200000,0.788811,0.000000,2.000000
B,100,5,Reading Railroad,Railroad,3.100000,1.286684,1.000000,5.000000
B,100,6,Oriental Avenue,Property,2.200000,1.135292,0.000000,4.000000
B,100,7,Chance 1,Chance,0.700000,0.823273,0.000000,2.000000
B,100,8,Vermont Avenue,Property,2.700000,1.702939,0.000000,6.000000
B,100,9,Connecticut Avenue,Property,2.600000,1.264911,1.000000,5.000000
B,100,10,Jail / Just Visiting,Jail,12.900000,5.425250,4.000000,20.000000
B,100,11,St. Charles Place,Property,2.600000,1.776388,0.000000,5.000000
B,100,12,Electric Company,Utility,2.300000,0.948683,1.000000,4.000000
B,100,13,States Avenue,Property,2.900000,1.197219,1.000000,5.000000
B,100,14,Virginia Avenue,Property,2.300000,1.251666,0.000000,4.000000
B,100,15,Pennsylvania Railroad,Railroad,2.400000,1.074968,1.000000,4.000000
B,100,16,St. James Place,Property,2.900000,1.852926,0.000000,6.000000
B,100,17,Community Chest 2,Community Chest,1.500000,1.581139,0.000000,5.000000
B,100,18,Tennessee Avenue,Property,2.700000,1.702939,0.000000,5.000000
B,100,19,New York Avenue,Property,2.900000,1.595131,0.000000,6.000000
B,100,20,Free Parking,Free Parking,3.000000,2.054805,1.000000,6.000000
B,100,21,Kentucky Avenue,Property,2.800000,1.229273,1.000000,5.000000
B,100,22,Chance 2,Chance,0.500000,0.527046,0.000000,1.000000
B,100,23,Indiana Avenue,Property,2.700000,1.702939,0.000000,6.000000
B,100,24,Illinois Avenue,Property,3.100000,1.370320,1.000000,5.000000
B,100,25,B. & O. Railroad,Railroad,2.400000,1.349897,0.000000,5.000000
B,100,26,Atlantic Avenue,Property,2.800000,1.229273,1.000000,5.000000
B,100,27,Ventnor Avenue,Property,2.500000,0.849837,1.000000,4.000000
B,100,28,Water Works,Utility,2.800000,2.440401,0.000000,8.000000
B,100,29,Marvin Gardens,Property,1.700000,1.567021,0.000000,5.000000
B,100,30,Go to Jail,Go to Jail,0.000000,0.000000,0.000000,0.000000
B,100,31,Pacific Avenue,Property,3.000000,1.490712,1.000000,5.000000
B,100,32,North Carolina Avenue,Property,3.200000,1.135292,2.000000,5.000000
B,100,33,Community Chest 3,Community Chest,2.100000,1.100505,1.000000,4.000000
B,100,34,Pennsylvania Avenue,Property,1.500000,1.433721,0.000000,4.000000
B,100,35,Short Line,Railroad,2.800000,1.398412,1.000000,6.000000
B,100,36,Chance 3,Chance,0.900000,0.316228,0.000000,1.000000
B,100,37,Park Place,Property,1.400000,1.173788,0.000000,4.000000
B,100,38,Luxury Tax,Tax,1.400000,1.173788,0.000000,3.000000
B,100,39,Boardwalk,Property,2.000000,1.333333,1.000000,5.000000
B,1000,0,GO,GO,2.790000,0.460555,2.000000,3.600000
B,1000,1,Mediterranean Avenue,Property,1.760000,0.485798,1.200000,2.900000
B,1000,2,Community Chest 1,Community Chest,1.750000,0.450309,1.200000,2.500000
B,1000,3,Baltic Avenue,Property,2.070000,0.383116,1.400000,2.600000
B,1000,4,Income Tax,Tax,2.210000,0.462961,1.600000,3.000000
B,1000,5,Reading Railroad,Railroad,2.680000,0.565292,1.800000,3.500000
B,1000,6,Oriental Avenue,Property,2.080000,0.373571,1.500000,2.700000
B,1000,7,Chance 1,Chance,0.900000,0.156347,0.700000,1.200000
B,1000,8,Vermont Avenue,Property,2.100000,0.326599,1.500000,2.600000
B,1000,9,Connecticut Avenue,Property,2.180000,0.458984,1.500000,3.000000
B,1000,10,Jail / Just Visiting,Jail,13.760000,1.427663,11.600000,16.300000
B,1000,11,St. Charles Place,Property,2.680000,0.595912,1.900000,3.500000
B,1000,12,Electric Company,Utility,2.500000,0.520683,1.500000,3.300000
B,1000,13,States Avenue,Property,2.260000,0.494862,1.400000,3.100000
B,1000,14,Virginia Avenue,Property,2.250000,0.488194,1.500000,3.000000
B,1000,15,Pennsylvania Railroad,Railroad,2.500000,0.336650,2.000000,3.100000
B,1000,16,St. James Place,Property,2.770000,0.473873,2.100000,3.300000
B,1000,17,Community Chest 2,Community Chest,2.290000,0.299815,1.800000,2.700000
B,1000,18,Tennessee Avenue,Property,3.100000,0.703957,2.000000,4.100000
B,1000,19,New York Avenue,Property,2.510000,0.540473,1.900000,3.500000
B,1000,20,Free Parking,Free Parking,2.940000,0.675278,1.800000,3.900000
B,1000,21,Kentucky Avenue,Property,2.530000,0.459589,1.800000,3.100000
B,1000,22,Chance 2,Chance,0.900000,0.221108,0.600000,1.200000
B,1000,23,Indiana Avenue,Property,2.640000,0.429987,2.000000,3.300000
B,1000,24,Illinois Avenue,Property,2.780000,0.391010,1.800000,3.300000
B,1000,25,B. & O. Railroad,Railroad,2.790000,0.458136,2.000000,3.500000
B,1000,26,Atlantic Avenue,Property,2.440000,0.353396,1.700000,3.000000
B,1000,27,Ventnor Avenue,Property,2.470000,0.555878,1.700000,3.300000
B,1000,28,Water Works,Utility,2.580000,0.496208,1.600000,3.400000
B,1000,29,Marvin Gardens,Property,2.400000,0.388730,1.600000,3.000000
B,1000,30,Go to Jail,Go to Jail,0.000000,0.000000,0.000000,0.000000
B,1000,31,Pacific Avenue,Property,2.330000,0.485455,1.400000,3.100000
B,1000,32,North Carolina Avenue,Property,2.370000,0.439823,1.800000,3.200000
B,1000,33,Community Chest 3,Community Chest,1.960000,0.527468,0.900000,2.600000
B,1000,34,Pennsylvania Avenue,Property,2.370000,0.543752,1.600000,3.200000
B,1000,35,Short Line,Railroad,2.120000,0.500666,1.300000,2.800000
B,1000,36,Chance 3,Chance,0.670000,0.221359,0.300000,1.000000
B,1000,37,Park Place,Property,2.040000,0.309839,1.500000,2.600000
B,1000,38,Luxury Tax,Tax,2.090000,0.420185,1.400000,2.700000
B,1000,39,Boardwalk,Property,2.440000,0.333999,1.900000,3.000000
B,10000,0,GO,GO,2.819000,0.111898,2.630000,3.020000
B,10000,1,Mediterranean Avenue,Property,1.852000,0.137340,1.630000,2.030000
B,10000,2,Community Chest 1,Community Chest,1.758000,0.091141,1.620000,1.940000
B,10000,3,Baltic Avenue,Property,1.899000,0.089250,1.770000,2.020000
B,10000,4,Income Tax,Tax,2.124000,0.099465,2.010000,2.320000
B,10000,5,Reading Railroad,Railroad,2.744000,0.134677,2.590000,2.980000
B,10000,6,Oriental Avenue,Property,2.130000,0.131318,1.860000,2.280000
B,10000,7,Chance 1,Chance,0.766000,0.092280,0.610000,0.880000
B,10000,8,Vermont Avenue,Property,2.138000,0.121911,1.950000,2.290000
B,10000,9,Connecticut Avenue,Property,2.160000,0.109240,1.940000,2.300000
B,10000,10,Jail / Just Visiting,Jail,13.844000,0.453730,13.310000,14.590000
B,10000,11,St. Charles Place,Property,2.476000,0.173346,2.190000,2.730000
B,10000,12,Electric Company,Utility,2.595000,0.177654,2.320000,2.930000
B,10000,13,States Avenue,Property,2.103000,0.161317,1.830000,2.370000
B,10000,14,Virginia Avenue,Property,2.391000,0.123419,2.160000,2.550000
B,10000,15,Pennsylvania Railroad,Railroad,2.564000,0.180752,2.400000,2.900000
B,10000,16,St. James Place,Property,2.757000,0.228378,2.380000,3.080000
B,10000,17,Community Chest 2,Community Chest,2.191000,0.150514,1.890000,2.400000
B,10000,18,Tennessee Avenue,Property,2.876000,0.224262,2.500000,3.280000
B,10000,19,New York Avenue,Property,2.772000,0.180234,2.490000,3.140000
B,10000,20,Free Parking,Free Parking,2.783000,0.119075,2.500000,2.920000
B,10000,21,Kentucky Avenue,Property,2.597000,0.187620,2.280000,2.940000
B,10000,22,Chance 2,Chance,1.009000,0.083327,0.900000,1.160000
B,10000,23,Indiana Avenue,Property,2.580000,0.145907,2.400000,2.830000
B,10000,24,Illinois Avenue,Property,2.925000,0.154794,2.600000,3.120000
B,10000,25,B. & O. Railroad,Railroad,2.835000,0.102659,2.680000,3.050000
B,10000,26,Atlantic Avenue,Property,2.399000,0.123868,2.220000,2.590000
B,10000,27,Ventnor Avenue,Property,2.405000,0.123940,2.220000,2.630000
B,10000,28,Water Works,Utility,2.532000,0.098635,2.390000,2.690000
B,10000,29,Marvin Gardens,Property,2.292000,0.159917,2.040000,2.570000
B,10000,30,Go to Jail,Go to Jail,0.000000,0.000000,0.000000,0.000000
B,10000,31,Pacific Avenue,Property,2.456000,0.112960,2.300000,2.710000
B,10000,32,North Carolina Avenue,Property,2.404000,0.090823,2.280000,2.560000
B,10000,33,Community Chest 3,Community Chest,2.111000,0.191279,1.870000,2.440000
B,10000,34,Pennsylvania Avenue,Property,2.353000,0.155138,2.100000,2.620000
B,10000,35,Short Line,Railroad,2.243000,0.143840,2.030000,2.460000
B,10000,36,Chance 3,Chance,0.793000,0.069929,0.690000,0.900000
B,10000,37,Park Place,Property,1.895000,0.159391,1.630000,2.120000
B,10000,38,Luxury Tax,Tax,2.077000,0.151881,1.760000,2.290000
B,10000,39,Boardwalk,Property,2.352000,0.124168,2.080000,2.470000
B,100000,0,GO,GO,2.890600,0.031767,2.859000,2.949000
B,100000,1,Mediterranean Avenue,Property,1.900300,0.066178,1.799000,1.998000
B,100000,2,Community Chest 1,Community Chest,1.761300,0.025025,1.721000,1.805000
B,100000,3,Baltic Avenue,Property,1.954900,0.047449,1.858000,2.037000
B,100000,4,Income Tax,Tax,2.109600,0.044670,2.049000,2.203000
B,100000,5,Reading Railroad,Railroad,2.681700,0.048076,2.625000,2.756000
B,100000,6,Oriental Avenue,Property,2.084200,0.038238,2.000000,2.131000
B,100000,7,Chance 1,Chance,0.772200,0.026653,0.723000,0.815000
B,100000,8,Vermont Avenue,Property,2.164400,0.037376,2.118000,2.226000
B,100000,9,Connecticut Avenue,Property,2.170400,0.028344,2.132000,2.216000
B,100000,10,Jail / Just Visiting,Jail,13.492800,0.174887,13.253000,13.831000
B,100000,11,St. Charles Place,Property,2.486800,0.040565,2.432000,2.553000
B,100000,12,Electric Company,Utility,2.599300,0.045164,2.541000,2.663000
B,100000,13,States Avenue,Property,2.112200,0.025819,2.084000,2.159000
B,100000,14,Virginia Avenue,Property,2.402100,0.037995,2.355000,2.479000
B,100000,15,Pennsylvania Railroad,Railroad,2.607900,0.059021,2.520000,2.719000
B,100000,16,St. James Place,Property,2.681200,0.049902,2.596000,2.745000
B,100000,17,Community Chest 2,Community Chest,2.275300,0.033546,2.224000,2.323000
B,100000,18,Tennessee Avenue,Property,2.814200,0.046714,2.726000,2.883000
B,100000,19,New York Avenue,Property,2.826500,0.061905,2.731000,2.912000
B,100000,20,Free Parking,Free Parking,2.837900,0.047989,2.775000,2.937000
B,100000,21,Kentucky Avenue,Property,2.563300,0.028480,2.530000,2.619000
B,100000,22,Chance 2,Chance,1.011300,0.033477,0.950000,1.066000
B,100000,23,Indiana Avenue,Property,2.481900,0.054806,2.421000,2.616000
B,100000,24,Illinois Avenue,Property,2.935000,0.041751,2.868000,3.006000
B,100000,25,B. & O. Railroad,Railroad,2.824700,0.043749,2.769000,2.902000
B,100000,26,Atlantic Avenue,Property,2.459800,0.032465,2.413000,2.518000
B,100000,27,Ventnor Avenue,Property,2.436700,0.052230,2.344000,2.505000
B,100000,28,Water Works,Utility,2.600100,0.043281,2.553000,2.675000
B,100000,29,Marvin Gardens,Property,2.329300,0.029564,2.298000,2.390000
B,100000,30,Go to Jail,Go to Jail,0.000000,0.000000,0.000000,0.000000
B,100000,31,Pacific Avenue,Property,2.434500,0.036161,2.379000,2.480000
B,100000,32,North Carolina Avenue,Property,2.489900,0.066033,2.393000,2.598000
B,100000,33,Community Chest 3,Community Chest,2.134300,0.031049,2.091000,2.185000
B,100000,34,Pennsylvania Avenue,Property,2.359600,0.043712,2.291000,2.453000
B,100000,35,Short Line,Railroad,2.200400,0.034232,2.134000,2.243000
B,100000,36,Chance 3,Chance,0.786700,0.016385,0.760000,0.810000
B,100000,37,Park Place,Property,1.907400,0.037420,1.867000,1.986000
B,100000,38,Luxury Tax,Tax,2.066400,0.043211,1.973000,2.121000
B,100000,39,Boardwalk,Property,2.352900,0.036075,2.299000,2.412000
